UORG_EXERCICIO-ID,UORG_EXERCICIO
0,
1,15 GRUPO ARTIL CAMPANHA AUTOPROPULSADO
2,ACADEMIA DA FORCA AEREA
3,ALMOXARIFADO CENTRAL
4,ALMOXARIFADO CENTRAL/UFCA
5,ASS DE AVAL TEC DE POS-GRAD LATO SENSU
6,ASSESS SERV DE ATEND AO COORDENADOR
7,ASSESSORIA DE AVALIACAO TEC E LEGISLAC
8,ASSESSORIA DE COMUNICACAO SOCIAL
9,ASSESSORIA DE GOVERNANCA
10,ASSESSORIA DE LEGISLACAO
11,ASSESSORIA DE LEGISLACAO E ENSINO
12,ASSESSORIA DE LEGISLACAO E NORMAS
13,ASSESSORIA DE ORCAMENTO E FINANCAS
14,ASSESSORIA DEPE - CHP
15,ASSESSORIA EXECUTIVA
16,ASSESSORIA GERAL
17,ASSESSORIA TECNICA
18,ASSESSORIA TECNICA/PRADM/UFCA
19,AUDITORIA INTERNA
20,AUDITORIA INTERNA/UFCA
21,BASE DE AVIACAO DE TAUBATE
22,BIB CENTRAL C PICI PROF JOSE DE A. MATOS
23,BIB DE P GRAD EM E AGRICOLA
24,BIB DE P GRAD EM ECONOMIA
25,BIB DE P. GRAD. EM ENGENHARIA
26,BIB DO INS DE C DO MAR
27,BIBL SET DE POS-GRAD EM ENG/BCT
28,BIBLIOTECA DA FACULDADE DE DIREITO
29,BIBLIOTECA DA FEAAC
30,BIBLIOTECA DAS CASAS DE CULT ESTRANG
31,BIBLIOTECA DE CIENCIAS DA SAUDE
32,BIBLIOTECA DE CIENCIAS E TECNOLOGIA
33,BIBLIOTECA DE CIENCIAS HUMANAS
34,BIBLIOTECA DO CAMPUS DA UFC EM SOBRAL
35,BIBLIOTECA DO CAMPUS DE BARBALHA
36,BIBLIOTECA DO CAMPUS DE BREJO SANTO
37,BIBLIOTECA DO CAMPUS DE J DO NORTE
38,BIBLIOTECA DO CAMPUS DE QUIXADA
39,BIBLIOTECA DO CAMPUS DO CRATO-CE
40,BIBLIOTECA DO CAMPUS DO ICO
41,BIBLIOTECA DO CURSO DE ARQUITETURA
42,BIBLIOTECA DO CURSO DE FISICA
43,BIBLIOTECA DO CURSO DE MATEMATICA
44,BIBLIOTECA DO CURSO DE MED DE SOBRAL
45,BIBLIOTECA DO INST DE CULTURA E ARTE
46,BIBLIOTECA SETORIAL DA ARQUITETURA/BCT
47,BIBLIOTECA SETORIAL DA ECON AGRICOLA/BCT
48,BIBLIOTECA SETORIAL DA EDUCACAO/BCH
49,BIBLIOTECA SETORIAL DA FISICA/BCT
50,BIBLIOTECA SETORIAL DA MATEMATICA/BCT
51,BIBLIOTECA SETORIAL DE DIREITO/BCH
52,BIBLIOTECA SETORIAL DE ECONOMIA/BCH
53,BIBLIOTECA SETORIAL DO CAEN/BCH
54,BIBLIOTECA SETORIAL DO LABOMAR/BCT
55,BIBLIOTECA UNIVERSITARIA
56,BIOTERIO CENTRAL
57,CAMPUS DA UFC DE CRATEUS
58,CAMPUS DA UFC DE RUSSAS
59,CAMPUS DA UFC EM QUIXADA/DIRETORIA
60,CAMPUS DA UFC EM SOBRAL/DIRETORIA
61,CAMPUS DA UFC NO CARIRI/DIRETORIA
62,CAMPUS DE BREJO SANTO
63,CAMPUS DE SAO FRANCISCO DO CONDE
64,CASA AMARELA EUSELIO OLIVEIRA
65,CASA DE CULTURA ALEMA
66,CASA DE CULTURA BRITANICA
67,CASA DE CULTURA FRANCESA
68,CASA DE CULTURA HISPANICA
69,CASA DE CULTURA ITALIANA
70,CASA DE CULTURA PORTUGUESA
71,CASA DE JOSE DE ALENCAR
72,CASA DOS PREMATUROS
73,CENAPAD-UFC
74,CENTRAL ANALITICA
75,CENTRAL DE SERVICOS AO SERVIDOR
76,CENTRO DE CIENCIAS
77,CENTRO DE CIENCIAS AGRARIAS
78,CENTRO DE DESENVOLVIMENTO FAMILIAR
79,CENTRO DE HUMANIDADES
80,CENTRO DE TECNOLOGIA
81,CENTRO NAC. DE INFOR. E REF. CULT. NEGRA
82,CERIMONIAL/UFCA
83,COAD/FAENG
84,COM IMPL DO CURSO DE C DA COMPUTACAO
85,COM IMPL DO CURSO DE GEOLOGIA
86,COM PERM DE LIC DE O E SERV DE ENG
87,COMIS DE IMP DO CURSO DE CIEN CONTABEIS
88,COMIS DE IMP DO CURSO DE LETRAS-LIBRAS
89,COMIS IMPL DO C DE MED VETERINARIA
90,COMISSAO DE AVAL DE CERTIF E TITULOS
91,COMISSAO PERMANENTE DE ACUM DE CARGOS
92,COMISSAO PERMANENTE DE LIC OB E PROJ
93,COMISSAO PERMANENTE DE PESSOAL DOCENTE
94,COMISSÃO PERMANENTE DE LICITAÇÃO
95,COMPLEXO HOSPITALAR UNIV PROF EDGARD STO
96,CONSELHO UNIVERSITARIO
97,COOR ACAD DO MEST PROF EM MAT EM R NAC
98,COORD ACAD DO INST UNIVERSIDADE VIRTUAL
99,COORD ACADEMICA DA FACULDADE DE EDUCACAO
100,COORD ACADEMICA DA FACULDADE DE MEDICINA
101,COORD ACADEMICA DA FEAC
102,COORD ACADEMICA DA FFOE
103,COORD ACADEMICA DO CAMPUS DE CRATEUS
104,COORD ACADEMICA DO CAMPUS DE QUIXADA
105,COORD ACADEMICA DO CAMPUS DE SOBRAL
106,COORD ACADEMICA DO CAMPUS DO CARIRI
107,COORD ACADEMICA DO CENTRO DE C AGRARIAS
108,COORD ACADEMICA DO CENTRO DE CIENCIAS
109,COORD ACADEMICA DO CENTRO DE HUMANIDADES
110,COORD ACADEMICA DO CENTRO DE TECNOLOGIA
111,COORD ACADEMICA DO ICA
112,COORD ACADEMICA DO IEFES
113,COORD ART ENTRE A UNIV ESC BASICA
114,COORD CONSERV ENERGIA E GESTAO AMBIENTAL
115,COORD CUR DE GRAD EM FILOSOFIA/CARIRI
116,COORD CURSO DE ENG CIVIL
117,COORD CURSO DE GRAD EM ADM/CARIRI
118,COORD CURSO GRAD EM AGRONOMIA/CARIRI
119,COORD CURSO GRAD EM CIEN ECONOM/SOBRAL
120,COORD CURSO GRAD EM ENG CIVIL/CARIRI
121,COORD CURSO GRAD EM ENG DA COMP/SOBRAL
122,COORD CURSO GRAD EM ODONTOLOGIA/SOBRAL
123,COORD CURSO GRAD EM PSICOLOGIA/SOBRAL
124,COORD CURSO GRAD ENG ELETRICA/SOBRAL
125,COORD DA AREA DE HUMANIDADES E LETRAS
126,COORD DE ACAO SOCIAL E COMUNITARIA
127,COORD DE ACES E RESP SOCIOAMBIENTAL
128,COORD DE ACOMP COM P E REL COM F APOIO
129,COORD DE ACOMP DE SERV TERCEIRIZADOS
130,COORD DE ADMINISTRACAO E PATRIMONIO
131,COORD DE ADMISSAO E DIMENSION
132,COORD DE ANALISE DE DADOS E F DA INFORM
133,COORD DE APOIO ADM E LOGISTICA
134,COORD DE APOIO AO DESENVOL DISCENTE
135,COORD DE ART COM O MUNDO DO TRABALHO
136,COORD DE ART E INT COM A COMUNIDADE
137,COORD DE ATEN E INT ESTUDANTIL
138,COORD DE ATENDIMENTO A COMUNIDADE
139,COORD DE AVAL E INFORM INSTITUCIONAIS
140,COORD DE CAPACITACAO DE REC HUMANOS
141,COORD DE CIENCIAS BIOLOGICAS
142,COORD DE CIENCIAS ECONOMICAS
143,COORD DE COM VISUAL E EVENTOS
144,COORD DE COMUNIC SOCIAL E MARKETING INST
145,COORD DE CONTABILIDADE E FINANCAS
146,COORD DE CONTRATOS ATAS E CONVENIOS
147,COORD DE CONTROLE ACADEMICO/UFCA
148,COORD DE DESENVOLVIMENTO DE PESSOAL
149,COORD DE ENSINO DE GRADUACAO/UFCA
150,COORD DE ENSINO DE POS-GRADUACAO/UFCA
151,COORD DE EXT DO CAMPUS DO BENFICA
152,COORD DE EXT DO CAMPUS DO PORANGABUÇU
153,COORD DE EXT DOS CAMPI DO IN DO CEARA
154,COORD DE EXTENSAO DO CAMPUS DO PICI
155,COORD DE FORMACAO E APREND COOPERATIVA
156,COORD DE GESTAO DE DADOS ACADEMICOS
157,COORD DE GESTAO DE PROJ E PROCESSOS
158,"COORD DE GESTAO, GOV E SEG DA INFOR"
159,COORD DE INF DE TEC DA INFORMACAO
160,COORD DE INFRAEST E DESENVOLVIMENTO
161,COORD DE INFRAESTRUTURA E REDES
162,COORD DE INOV E DES ACADEMICO
163,COORD DE INT UNI MOVIMENTOS SOCIAIS
164,COORD DE INT UNI SETOR PRODUTIVO
165,COORD DE INTERC E CONV INTERNACIONAIS
166,COORD DE INTERNACIONALIZACAO LINGUISTICA
167,COORD DE LIC DE OBRAS E SERV DE ENG
168,COORD DE LINGUAS E CULT ESTRANGEIRAS
169,COORD DE MATERIAIS E PATRIMONIO
170,COORD DE ORG E QUALID DE VIDA NO TRAB
171,COORD DE PERICIA E ASSIST AO SERVIDOR
172,COORD DE PL E AVAL PROG E ACOES ACADEMIC
173,COORD DE PL E AVAL PROG E ACOES CURRIC
174,COORD DE PLANEJ E CONT ORCAMENTARIO
175,COORD DE PLANEJ E GESTAO ESTRATEGICA
176,COORD DE PLANEJAMENTO INFORM E COMUNIC
177,COORD DE PLANEJAMENTO OPERACIONAL
178,COORD DE POS-GRAD DE SOLOS E NUT PLANTAS
179,COORD DE POS-GRAD EM BIOQUIMICA
180,COORD DE POS-GRAD EM ECON RURAL
181,COORD DE POS-GRAD EM FISICA
182,COORD DE POS-GRAD EM MATEMATICA
183,COORD DE POS-GRAD EM REC HIDRICOS
184,COORD DE POS-GRAD EM SOCIOLOGIA
185,COORD DE POS-GRAD EM TEC ALIMENTOS
186,COORD DE POS-GRAD EM ZOOTECNIA
187,COORD DE POS-GRAD IRRIG E DRENAGEM
188,COORD DE POS-GRADUACAO EM EDUCACAO
189,COORD DE POS-GRADUACAO EM ENFERMAGEM
190,COORD DE POS-GRADUACAO EM LETRAS
191,COORD DE PROG ACAD DO CAMPUS DE RUSSAS
192,COORD DE PROG ACEDEMICOS DO LABOMAR
193,COORD DE PROG E ALOCACAO ORCAMENTARIA
194,COORD DE PROGRAMAS ACADEMICOS/CC
195,COORD DE PROGRAMAS ACADEMICOS/CCA
196,COORD DE PROGRAMAS ACADEMICOS/CCRATEUS
197,COORD DE PROGRAMAS ACADEMICOS/CH
198,COORD DE PROGRAMAS ACADEMICOS/CRUSSAS
199,COORD DE PROGRAMAS ACADEMICOS/CT
200,COORD DE PROGRAMAS ACADEMICOS/CUFCSOBRAL
201,COORD DE PROGRAMAS ACADEMICOS/CUQUIXADA
202,COORD DE PROGRAMAS ACADEMICOS/FACDIR
203,COORD DE PROGRAMAS ACADEMICOS/FACED
204,COORD DE PROGRAMAS ACADEMICOS/FACMED
205,COORD DE PROGRAMAS ACADEMICOS/FEAAC
206,COORD DE PROGRAMAS ACADEMICOS/FFOE
207,COORD DE PROGRAMAS ACADEMICOS/ICA
208,COORD DE PROGRAMAS ACADEMICOS/ICM
209,COORD DE PROGRAMAS ACADEMICOS/IEFES
210,COORD DE PROGRAMAS ACADEMICOS/IUVI
211,COORD DE PROJ ESTRATEGICOS EM PESQUISA
212,COORD DE PROJETOS E ACOMP CURRICULAR
213,COORD DE QUALID DE VIDA NO TRABALHO
214,COORD DE QUALIDADE DE VIDA NO TRABALHO
215,"COORD DE REG, IND INST E AVALIACAO"
216,COORD DE RESTAURANTE UNIVERSITARIO
217,COORD DE SISTEMAS DE INFORMACAO
218,"COORD DE TRANSP, GOV E GESTAO DE PROJ"
219,COORD DO CUR DE ENGENHARIA DE ALIMENTOS
220,COORD DO CUR DE GRAD EM BIBLIOTEC/CARIRI
221,COORD DO CURSO DE ARQ E URBANISMO
222,COORD DO CURSO DE BIBLIOTECONOMIA
223,COORD DO CURSO DE CIENCIAS SOCIAIS
224,COORD DO CURSO DE COMPUTACAO
225,COORD DO CURSO DE ENG ELETRICA
226,COORD DO CURSO DE ENG MECANICA
227,COORD DO CURSO DE ENG QUIMICA
228,COORD DO CURSO DE ENGENHARIA DE PESCA
229,COORD DO CURSO DE ESTATISTICA
230,COORD DO CURSO DE FISICA
231,COORD DO CURSO DE GEOGRAFIA
232,COORD DO CURSO DE GEOLOGIA
233,COORD DO CURSO DE HISTORIA
234,COORD DO CURSO DE LETRAS
235,COORD DO CURSO DE LIC EM FISICA
236,COORD DO CURSO DE LIC EM QUIMICA
237,COORD DO CURSO DE MATEMATICA
238,COORD DO CURSO DE MESTRADO GEOGRAFIA
239,COORD DO CURSO DE POS-GRAD EM ENG ELET
240,COORD DO CURSO DE POS-GRAD EM FITOTECNIA
241,COORD DO CURSO DE POS-GRADUACAO GEOLOGIA
242,COORD DO CURSO DE PSICOLOGIA
243,COORD DO CURSO DE QUIMICA
244,COORD DO CURSO DE QUIMICA INDUSTRIAL
245,COORD DO CURSO GRAD EM MEDICINA/CARIRI
246,COORD DO CURSO GRAD EM MEDICINA/SOBRAL
247,COORD DO FORT DA QUALID DO ENSINO
248,COORD DO PROG MULT DE PG EM BIOQ E BIOL
249,COORD DO REFEITORIO UNIVERSITARIO
250,COORD DOS ORGAOS DE DELIB COLETIVA
251,COORD GERAL DAS CASAS DE CULT ESTRANG
252,COORD GERAL DE CULTURA E EDUCAÇÃO
253,COORD PROG ACADEMICOS DA FAC DE DIREITO
254,COORD.DA AREA DE TECNOLOGIAS E DESENVOLV
255,COORDENACAO DA AREA DE DESENV. RURAL
256,COORDENACAO DA AREA DE FORMACAO DOCENTE
257,COORDENACAO DA AREA DE SAUDE COLETIVA
258,COORDENACAO DA BIBLIOTECA UNIVERSITARIA
259,COORDENACAO DE ADMINISTRACAO DE EMPRESAS
260,COORDENACAO DE ASSUNTOS ESTUDANTIS
261,COORDENACAO DE CIENCIAS CONTABEIS
262,COORDENACAO DE EDUCACAO ABERTA DISTANCIA
263,COORDENACAO DE ENFERMAGEM
264,COORDENACAO DE ENSINO DE GRADUACAO
265,COORDENACAO DE EXTENSAO/UNILAB
266,COORDENACAO DE FARMACIA
267,COORDENACAO DE FINANCAS
268,COORDENACAO DE GESTAO DE PESSOAS
269,COORDENACAO DE GESTAO DE PESSOAS/UNILAB
270,COORDENACAO DE LOGISTICA
271,COORDENACAO DE ODONTOLOGIA
272,COORDENACAO DE ORCAMENTO
273,COORDENACAO DE PESQUISA E POS-GRADUACAO
274,COORDENACAO DE PLANEJAMENTO
275,COORDENACAO DE POS-GRAD EM ENG QUIMICA
276,COORDENACAO DE POS-GRAD EM LINGUISTICA
277,COORDENACAO DE POS-GRADUACAO EM DIREITO
278,COORDENACAO DE POS-GRADUACAO EM ECONOMIA
279,COORDENACAO DE RECURSOS ORCAMENTARIOS
280,COORDENACAO DE SERVICOS OPERACIONAIS
281,COORDENACAO DE TECNOLOGIA DA INFORMACAO
282,COORDENACAO DO CURSO DE AGRONOMIA
283,COORDENACAO DO CURSO DE DIREITO
284,COORDENACAO DO CURSO DE ECON DOMESTICA
285,COORDENACAO DO NUCLEO DE ARTES
286,COORDENACAO DO U.A.B.
287,COORDENACAO FINANCEIRA
288,COORDENADORIA CIENTIFICA
289,COORDENADORIA DA AGENCIA DE ESTAGIOS
290,COORDENADORIA DE A DESPORTIVAS
291,COORDENADORIA DE ACESSIBILIDADE
292,COORDENADORIA DE ACOES DE EXTENSAO
293,COORDENADORIA DE ACOMPANHAMENTO DISCENTE
294,COORDENADORIA DE ADM DE PESSOAL
295,COORDENADORIA DE ADM DE PESSOAL/UFCA
296,COORDENADORIA DE ADMINISTRACAO
297,COORDENADORIA DE AGENCIA DE ESTAGIOS
298,COORDENADORIA DE ARTES
299,COORDENADORIA DE ARTICULACAO INTERCAMPI
300,COORDENADORIA DE ASSISTENCIA COMUNITARIA
301,COORDENADORIA DE ASSUNTOS INTERNACIONAIS
302,COORDENADORIA DE AVALIACAO INSTITUCIONAL
303,COORDENADORIA DE CAP E DESENVOLVIMENTO
304,COORDENADORIA DE COMPRAS
305,COORDENADORIA DE COMUNICACAO
306,COORDENADORIA DE CONCURSOS
307,COORDENADORIA DE CONSERV DE ENERGIA
308,COORDENADORIA DE CONT E FINANCAS
309,COORDENADORIA DE CONTRATOS E CONVENIOS
310,COORDENADORIA DE DESENV E CAPACITACAO
311,COORDENADORIA DE DESENVOLVIMEN REGIONAL
312,COORDENADORIA DE DIFUSAO E FOMENTO
313,COORDENADORIA DE DIVERSIDADE CULTURAL
314,COORDENADORIA DE ENSINO DE POS-GRADUACAO
315,COORDENADORIA DE ESTAGIO
316,COORDENADORIA DE FORMENTO
317,COORDENADORIA DE GESTAO OPERACIONAL
318,COORDENADORIA DE INOVACAO
319,COORDENADORIA DE INOVACAO TECNOLOGICA
320,COORDENADORIA DE INTEGRACAO
321,COORDENADORIA DE LEG DE PESSOAL
322,COORDENADORIA DE LICITACAO
323,COORDENADORIA DE LICITACOES
324,COORDENADORIA DE LOGISTICA
325,COORDENADORIA DE MANUTENCAO
326,COORDENADORIA DE MOBILIDADE ACADEMICA
327,COORDENADORIA DE OBRAS E PROJETOS/UFCA
328,COORDENADORIA DE PESQUISA
329,COORDENADORIA DE PESQUISA/UFCA
330,COORDENADORIA DE PLANEJAMENTO E GESTAO
331,COORDENADORIA DE PLANEJAMENTO OPERATIVO
332,COORDENADORIA DE POLITICA CULTURAL
333,COORDENADORIA DE POS-GRADUACAO
334,COORDENADORIA DE PROJETOS ARQUITETONICOS
335,COORDENADORIA DE PROJETOS E OBRAS
336,COORDENADORIA DE RECURSOS HUMANOS
337,COORDENADORIA DE SUSTENTABILIDADE
338,COORDENADORIA EXECUTIVA
339,COORDENADORIA GERAL DE PROG ACADEMICOS
340,COORDENCAO GERAL DE RECURSOS HUMANOS
341,COORDENOADORIA DE DESPORTO E LAZER
342,CUR DOUT DO P DE PG EM DES E M AMB REDE
343,CURSO DE ADMINISTRACAO (DIURNO)
344,CURSO DE ADMINISTRACAO (NOTURNO)
345,CURSO DE ADMINISTRACAO PUBLICA/CARIRI
346,CURSO DE ADMINISTRACAO PUBLICA/UNILAB
347,CURSO DE ARTES CENICAS
348,CURSO DE BAC INTERDISCIP EM HUMANIDADES
349,CURSO DE BAC INTERDISCIP EMHUMANIDADES
350,CURSO DE BIOTECNOLOGIA
351,CURSO DE CIENCIA DA COMPUTACAO/CRATEUS
352,CURSO DE CIENCIA DA COMPUTACAO/RUSSAS
353,CURSO DE CIENCIAS AMBIENTAIS
354,CURSO DE CIENCIAS ATUARIAS
355,CURSO DE CIENCIAS CONTABEIS (DIURNO)
356,CURSO DE CIENCIAS CONTABEIS (NOTURNO)
357,CURSO DE CIENCIAS DA COMPUTACAO
358,CURSO DE CIENCIAS ECONOMICAS (DIURNO)
359,CURSO DE CIENCIAS ECONOMICAS (NOTURNO)
360,CURSO DE CINEMA E AUDIOVISUAL
361,CURSO DE COMUNICACAO SOCIAL
362,CURSO DE COMUNICACAO SOCIAL/CARIRI
363,CURSO DE COMUNICACAO SOCIAL/JORNALISMO
364,CURSO DE DANCA/BACHARELADO
365,CURSO DE DESIGN
366,CURSO DE DESIGN DE MODA
367,CURSO DE DESIGN DE PRODUTO/CARIRI
368,CURSO DE DESIGN/CT
369,CURSO DE EDUCACAO FISICA
370,CURSO DE EDUCACAO MUSICAL/LIC/CARIRI
371,CURSO DE EDUCACAO MUSICAL/LIC/SOBRAL
372,CURSO DE EDUCACAO MUSICAL/LICENCIATURA
373,CURSO DE ENG DE COMPUTACAO/QUIXADA
374,CURSO DE ENG DE ENERG E MEIO AMBIENTE
375,CURSO DE ENG DE ENERGIAS RENOVAVEIS
376,CURSO DE ENG DE PRODUCAO MECANICA
377,CURSO DE ENG DE SOFTWARE/RUSSAS
378,CURSO DE ENG DE TELECOMUNICACOES
379,CURSO DE ENG DE TELEINFORMATICA
380,CURSO DE ENGENHARIA AMBIENTAL
381,CURSO DE ENGENHARIA AMBIENTAL/CRATEUS
382,CURSO DE ENGENHARIA CIVIL/CRATEUS
383,CURSO DE ENGENHARIA CIVIL/RUSSAS
384,CURSO DE ENGENHARIA DE COMPUTACAO
385,CURSO DE ENGENHARIA DE MATERIAIS/CARIRI
386,CURSO DE ENGENHARIA DE MINAS/CRATEUS
387,CURSO DE ENGENHARIA DE PETROLEO
388,CURSO DE ENGENHARIA DE PRODUCAO/RUSSAS
389,CURSO DE ENGENHARIA DE SOFTWARE/QUIXADA
390,CURSO DE ENGENHARIA MECANICA/RUSSAS
391,CURSO DE ENGENHARIA METALURGICA
392,CURSO DE ESTILISMO E MODA
393,CURSO DE FILOSOFIA
394,CURSO DE FILOSOFIA/BACHARELADO
395,CURSO DE FILOSOFIA/LICENCIATURA
396,CURSO DE FINANCAS
397,CURSO DE FINANCAS/SOBRAL
398,CURSO DE FISICA NOTURNO LICENCIATURA
399,CURSO DE FISIOTERAPIA
400,CURSO DE GASTRONOMIA
401,CURSO DE GRAD EM ENFERMAGEM/BACHARELADO
402,CURSO DE GRAD EM ENG DE ENERGIA/BACHAREL
403,CURSO DE GRAD EM GEST POL PUBLICAS
404,CURSO DE GRAD EM LIC EM CIEN E MATEMAT
405,CURSO DE GRADUACAO EM AGRONOMIA/BACHAREL
406,CURSO DE HISTORIA
407,CURSO DE JORNALISMO
408,CURSO DE LETRAS/ESPANHOL/LICENCIATURA
409,CURSO DE LETRAS/INGLES E ESPANHOL
410,CURSO DE LETRAS/INGLES/LICENCIATURA
411,CURSO DE LIC EM QUIMICA SEMIPRESENCIAL
412,CURSO DE LIC INTERD EM C NAT E MATEMAT
413,CURSO DE LIC INTERD EM CIEN NATURAIS
414,CURSO DE LICENCIATURA EM LETRAS
415,CURSO DE LICENCIATURA EM MATEMATICA
416,CURSO DE M PROF EM ADM E CONTROLADORIA
417,CURSO DE MATEMATICA BACHARELADO
418,CURSO DE MATEMATICA INDUSTRIAL
419,CURSO DE MATEMATICA LIC (NOTURNO)
420,CURSO DE MEDICINA
421,CURSO DE MEST EM ENGENHARIA MECANICA
422,CURSO DE MEST EM LOG E PESQ OPERACIONAL
423,CURSO DE MEST ENG CIVIL EST E CON CIVIL
424,CURSO DE MEST PROF EM POL P E G DA EDSU
425,CURSO DE MESTR EM DESENV E MEIO AMBIENTE
426,CURSO DE MESTRADO EM BIOTECNOLOGIA
427,CURSO DE MESTRADO EM CIENCIAS DA SAUDE
428,CURSO DE MESTRADO EM COMUNICACAO
429,CURSO DE MESTRADO EM ENG DE TRANSPORTES
430,CURSO DE MESTRADO EM ENG ELET E DA COMP
431,CURSO DE MESTRADO EM FILOSOFIA
432,CURSO DE MESTRADO EM LOG E PESQ OPERAC
433,CURSO DE MESTRADO EM PSICOLOGIA
434,CURSO DE MESTRADO MICROBIOLOGIA MEDICA
435,CURSO DE MUSICA
436,CURSO DE OCEANOGRAFIA
437,CURSO DE PEDAGOGIA
438,CURSO DE PEDAGOGIA (DIURNO)
439,CURSO DE PEDAGOGIA (NOTURNO)
440,CURSO DE PEDAGOGIA EAD
441,CURSO DE PG LATU SENSU EM GEST GOVERN
442,CURSO DE POS GRAD CIENCIA DA COMPUTACAO
443,CURSO DE POS-GRAD EM ENG TELEINFORMATICA
444,CURSO DE POS-GRAD EM TOCO-GINECOLOGIA
445,CURSO DE POS-GRADUACAO EM FARMACOLOGIA
446,CURSO DE POS-GRADUACAO EM PATOLOGIA
447,CURSO DE POS-GRADUACAO EM SAUDE PUBLICA
448,CURSO DE POS-GRAUDACAO EM CIRURGIA
449,CURSO DE PUBLICIDADE E PROPAGANDA
450,CURSO DE REDES DE COMPUTADORES/QUIXADA
451,CURSO DE SECRETARIADO EXECUTIVO
452,CURSO DE SIS DE INFORMACAO/CRATEUS
453,CURSO DE SIST E MID DIGITAIS-NOTURNO
454,CURSO DE SISTEMAS DE INFORMACAO/QUIXADA
455,CURSO DE SISTEMAS E MIDIAS DIGITAIS
456,CURSO DE TEC EM GESTAO DA QUALIDADE
457,CURSO DE ZOOTECNIA
458,CURSO DESIGN DIGITAL/QUIXADA
459,CURSO EM DOUTORADO EM CIRURGIA GERAL
460,CURSO EM ECONOMIA ECOLOGICA
461,CURSO INTER INDIGENA PITAKAJA/LIC
462,CURSO MAG INDIG INTERCULT MISIPITIKAJA
463,CURSO MAGIST INDIG TREMEMBE SUPERIOR
464,CURSO NOTURNO DE LIC EM QUIMICA
465,CURSO PG LATU SENSU EM HIST CULT AFB I A
466,CURSO de ZOOTECNIA
467,Coord-Geral de Tecnologia da Informação
468,Coordenação de Análise de Infraestrutura
469,Coordenação-Geral de Cultura e Educação
470,DECANATO ADMINISTRACAO E FINANCAS / DAF
471,DEP DE AUD CONTROLE E GEST DE PESSOAS
472,"DEP DE AUDIT DE SUP, BENS E SERVICOS"
473,DEPARTAMENTO DE ADMINISTRACAO/FEAAC
474,DEPARTAMENTO DE ADMINISTRAÇÃO/PRAD
475,DEPARTAMENTO DE ATIVIDADES GERAIS
476,DEPARTAMENTO DE CIRURGIA
477,DEPARTAMENTO DE CLINICA ODONTOLOGICA
478,DEPARTAMENTO DE CONTABILIDADE
479,DEPARTAMENTO DE CONTABILIDADE E FINANCAS
480,DEPARTAMENTO DE CONTROLE
481,DEPARTAMENTO DE DIREITO PRIVADO
482,DEPARTAMENTO DE DIREITO PROCESSUAL
483,DEPARTAMENTO DE DIREITO PUBLICO
484,DEPARTAMENTO DE EDUCACAO - TD
485,DEPARTAMENTO DE ENFERMAGEM
486,DEPARTAMENTO DE ENGENHARIA DE PRODUCAO
487,DEPARTAMENTO DE ENGENHARIA MECANICA
488,DEPARTAMENTO DE ESTAGIOS
489,DEPARTAMENTO DE ESTUDOS ESPECIALIZADOS
490,DEPARTAMENTO DE FARMACIA
491,DEPARTAMENTO DE FISIOTERAPIA
492,DEPARTAMENTO DE FUNDAMENTOS DA EDUCACAO
493,DEPARTAMENTO DE LICITACAO
494,DEPARTAMENTO DE MEDICINA CLINICA
495,DEPARTAMENTO DE MORFOLOGIA
496,DEPARTAMENTO DE OBRAS E FISCALIZACAO
497,DEPARTAMENTO DE ODONTOLOGIA RESTAURADORA
498,DEPARTAMENTO DE REG E CONTROLE ACADEMICO
499,DEPARTAMENTO DE SAUDE COMUNITARIA
500,DEPARTAMENTO DE SAUDE MATERNO INFANTIL
501,DEPARTAMENTO DE TEORIA E PRAT DO ENSINO
502,DEPARTAMENTO DE TEORIA ECONOMICA
503,DEPPLANEJAMENTO E GESTAO ESTRATEGICA
504,DEPT AUD ORC FINAN PATRIM E CONTABIL
505,DEPTO ARTES VISUAIS
506,DEPTO DE ANALISES CLINICAS E TOXICOL
507,DEPTO DE APOIO ADM E CONTROLE ORÇAMENT
508,DEPTO DE ARQUITETURA E URBANISMO
509,DEPTO DE BIOLOGIA
510,DEPTO DE BIOQ E BIOL MOLECULAR
511,DEPTO DE CIENCIAS DA INFORMACAO
512,DEPTO DE CIENCIAS DO SOLO
513,DEPTO DE CIENCIAS SOCIAIS
514,DEPTO DE COMPUTACAO
515,DEPTO DE CONTRATOS E EXEC ORCAMENTARIA
516,DEPTO DE ECONOMIA AGRICOLA
517,DEPTO DE ECONOMIA APLICADA
518,DEPTO DE ECONOMIA DOMESTICA
519,DEPTO DE ENG ESTRUTURAL E CONST CIVIL
520,DEPTO DE ENG HID E AMBIENTAL
521,DEPTO DE ENG MECANICA E DE PRODUCAO
522,DEPTO DE ENG METALURGICA E DE MATERIAIS
523,DEPTO DE ENGENHARIA AGRICOLA
524,DEPTO DE ENGENHARIA DE PESCA
525,DEPTO DE ENGENHARIA DE TELEINFORMATICA
526,DEPTO DE ENGENHARIA DE TRANSPORTES
527,DEPTO DE ENGENHARIA ELETRICA
528,DEPTO DE ENGENHARIA QUIMICA
529,DEPTO DE EST E MAT APLICADA
530,DEPTO DE ESTUDOS DA LINGUA INGLESA
531,DEPTO DE FISICA
532,DEPTO DE FISIOLOGIA E FARMACOLOGIA
533,DEPTO DE FITOTECNIA
534,DEPTO DE GEOGRAFIA
535,DEPTO DE GEOLOGIA
536,DEPTO DE HISTORIA
537,DEPTO DE L LIBRAS E EST SURDOS
538,DEPTO DE LETRAS ESTRANGEIRAS
539,DEPTO DE LETRAS VERNACULAS
540,DEPTO DE LITERATURA
541,DEPTO DE MATEMATICA
542,DEPTO DE PATOLOGIA E MEDICINA LEGAL
543,DEPTO DE PROCESSOS E PROJ DE INOVACAO
544,DEPTO DE PSICOLOGIA
545,DEPTO DE QUIMICA ANAL E FISICO-QUIMICA
546,DEPTO DE QUIMICA ORGANICA E INORGANICA
547,DEPTO DE TECNOLOGIA DE ALIMENTOS
548,DEPTO DE ZOOTECNIA
549,DEPTO EST DA LIN INGLESA LIT E TRADUCAO
550,DEPTO INTEG ACAD TECN ENG E ARQUITETURA
551,DIR DE COM E RESP SOCIOAMBIENTAL
552,DIR DO CENT DE CIENC SOCIAIS APLICADAS
553,DIR DO CENTRO DE CIENC AGR E DA BIODIV
554,DIR DO INST DE CIEN SOC APLICADAS
555,DIR DO INST DE EST DO SEMIARIDO
556,DIR INST INTERD DE SOC CULT E ARTE
557,DIRETORIA ADMINISTRATIVA/HUWC
558,DIRETORIA AUDIT.POLITICAS SOCIAIS I/SFC
559,DIRETORIA DA BIBLIOTECA UNIVERSITARIA
560,DIRETORIA DE ADMINISTRAÇÃO
561,DIRETORIA DE ASSISTENCIA ESTUDANTIL
562,DIRETORIA DE ASSUNTOS ESTUDANTIS
563,DIRETORIA DE ASSUNTOS INTERNACIONAIS
564,DIRETORIA DE AUDITORIA DA ÁREA SOCIAL
565,DIRETORIA DE COOPERACAO INTERNACIONAL
566,DIRETORIA DE EDUC ABERTA E A DISTANCIA
567,DIRETORIA DE ENFERMAGEM/HUWC
568,DIRETORIA DE ENSINO E PESQUISA/HUWC
569,DIRETORIA DE ENSINO TECNICO
570,DIRETORIA DE ENSINO/CAMPUS IGUATU
571,DIRETORIA DE GESTAO DE SERVICOS
572,DIRETORIA DE INFRAESTRUTURA
573,DIRETORIA DE LOG E APOIO ADMINISTRATIVO
574,DIRETORIA DE REL INST COM A COMUNIDADE
575,DIRETORIA DE RELAC INSTITUCIONAL
576,DIRETORIA DE TECNOLOGIA DA INFORMACAO
577,DIRETORIA DO C DE CIENC E TECNOLOGIA
578,DIRETORIA GERAL/CAMPUS CRATEUS
579,DIRETORIA GERAL/CAMPUS CRATO
580,DIRETORIA MEDICA/HUWC
581,DIV CAPAC DE RECURSOS HUMANOS
582,DIV DE ACOES DO CAMPUS DO BENFICA
583,DIV DE ACOES DO CAMPUS DO PORANGAB
584,DIV DE ACOES DOS CAMPI DO INTERIOR
585,DIV DE ACOM DAS POLITICAS ESTUDANTIS
586,DIV DE ACOMP DE PROJ DE PESQ E B I CIENT
587,DIV DE ACOMP E AVAL DE ACOES
588,DIV DE ACOMP PSICOPEDAGOGICO
589,DIV DE ADEQ E MELH DE ESP EXISTENTES
590,DIV DE ADM DE DADOS E G DE CONFIGURACAO
591,DIV DE AP E ACOMP DOS PROG DE PGRAD
592,DIV DE APOIO A INT UNIV MOV SOCIAIS
593,DIV DE APOIO A INT UNIV SETOR PRODUTIVO
594,DIV DE APOIO ADM E ZELADORIA
595,DIV DE APOIO AS ACOES SOC E COMUNITARIAS
596,DIV DE APOIO DE TEC DA INFORMACAO
597,DIV DE APROX ENTRE A UNIV E O ENS MEDIO
598,DIV DE AQUISICAO E MAT DE EQUIPAMENTOS
599,DIV DE ATENCAO A SAUDE DO SERVIDOR
600,DIV DE AUTENTICACAO E SEG DE DOC
601,DIV DE AVAL DE DES E GESTAO DE CARREIRAS
602,DIV DE AVAL DE PROG E ACOES ACADEMICAS
603,DIV DE CARREIRA E AVAL DE DESEMPENHO
604,DIV DE CONT ACAD DOS C STRICTO SENSU
605,DIV DE DIMENSION E MOVIMENTACAO
606,DIV DE ELAB DE PROJ PARA NOVOS ESPACOS
607,DIV DE EMISSAO DE DIARIAS E PASSAGENS
608,DIV DE ENG DE SEG E MED DO TRABALHO
609,DIV DE ESTUDOS E DESENV DE APLICATIVOS
610,DIV DE GEST DE CONT ATAS E CONV/UFCA
611,DIV DE GESTAO DE ATAS E REG DE PRECOS
612,DIV DE GESTAO DE CONT ATAS E CONVENIOS
613,DIV DE GESTAO DE INF INSTITUCIONAIS
614,DIV DE IMPL E APERF DE CURSOS
615,DIV DE INCENTIVO AO EMPREENDEDORISMO
616,DIV DE IND DE GRAD E REG ESTATISTICOS
617,"DIV DE INF, ATEND E PROT EM JUAZ NORTE"
618,DIV DE MAT E EXP CULT DO CARIRI
619,DIV DE ORIENTACAO E ACOMP DISCENTE
620,DIV DE PLANEJ E AVAL DE PROJ PEDAGOGICOS
621,DIV DE PLANEJ E GESTAO ESTRATEGICA
622,DIV DE PORT E SIST DE PESQ EXT CULTURA
623,DIV DE PROD E ED DE MAT BIBL ACES
624,DIV DE QUAL DE VIDA NO TRABALHO
625,DIV DE REGULACAO DE CURSOS DE GRADUACAO
626,DIV DE SERV DE TECNOLOGIA DA INFORMACAO
627,DIV DE TRAT E DIVULG DE DADOS ACADEMICOS
628,DIV DO PROG INST DE EXT E TEC AMBIENTAIS
629,DIV DO PROG INST DE EXT REL UNIV ESC BAS
630,DIV DO PROG INST DE EXT SAUDE COMUNIT
631,DIV GEREN E ANALISE DE PROCESSOS
632,DIV PROG INST DE EXT REL TRAB R ECON SOL
633,DIVISAO DE ACESSIBILIDADE FISICA
634,DIVISAO DE ACOES DO CAMPUS DO PICI
635,DIVISAO DE ACOMP P E PSICOLOGICO
636,DIVISAO DE ACOMP PSIC E PEDAGOGICO
637,DIVISAO DE ACOMPANHAMENTO E AVALIACAO
638,DIVISAO DE ACOMPANHAMENTO E CONTROLE
639,DIVISAO DE ACOMPANHAMENTO INTERNO
640,DIVISAO DE ADMINISTRACAO DE BENEFICIOS
641,DIVISAO DE ADMINISTRACAO DE BENS IMOVEIS
642,DIVISAO DE ADMINISTRACAO DE PESSOAL
643,DIVISAO DE ADMISSAO
644,DIVISAO DE ADMISSAO E MATRICULA
645,DIVISAO DE ANALISE DE CONTAS
646,DIVISAO DE ANALISE DE PROCESSO
647,DIVISAO DE AP A TECNOLOGIAS ASSISTIVAS
648,DIVISAO DE APOIO ADMINISTRATIVO/BU
649,DIVISAO DE APOIO ADMINISTRATIVO/ICA
650,DIVISAO DE APOIO ADMINISTRATIVO/INFRA
651,DIVISAO DE APOIO ADMINISTRATIVO/IU
652,DIVISAO DE APOIO ADMINISTRATIVO/LABOMAR
653,DIVISAO DE APOIO ADMINISTRATIVO/PRAS
654,DIVISAO DE APOIO ADMINISTRATIVO/PREX
655,DIVISAO DE APOIO ADMINISTRATIVO/PRG
656,DIVISAO DE APOIO ADMINISTRATIVO/PRPL
657,DIVISAO DE APOIO ADMINISTRATIVO/PRPPG
658,DIVISAO DE APOIO ADMINISTRATIVO/SRH
659,DIVISAO DE APOIO ADMINISTRATIVO/STI
660,DIVISAO DE APOIO ADMINISTRATIVO/UFCA
661,DIVISAO DE APOIO AOS GRUPOS
662,DIVISAO DE APOIO FINANCEIRO
663,DIVISAO DE APOIO LOGISTICO
664,DIVISAO DE APOIO OPERACIONAL
665,DIVISAO DE APOIO PEDAGOGICO AO ALUNO
666,DIVISAO DE APOIO PSIC-SOCIAL
667,DIVISAO DE APOIO TECNICO
668,DIVISAO DE APRENDIZAGEM COOPERATIVA
669,DIVISAO DE ARQUIVO GERAL E PROTOCOLO
670,DIVISAO DE ART COM A SOCIEDADE
671,DIVISAO DE ARTES
672,DIVISAO DE ARTICULACAO ARTISTICA
673,DIVISAO DE ARTICULACAO INTERCAMPI
674,DIVISAO DE ATENDIMENTO CONTROLE EXTERNO
675,DIVISAO DE AVALIACAO ACADEMICA
676,DIVISAO DE AVALIACAO E CARREIRA
677,DIVISAO DE AVALIACAO INSTITUCIONAL
678,DIVISAO DE BENS E IMOVEIS
679,DIVISAO DE BENS IMOVEIS
680,DIVISAO DE BOLSAS DE ESTUDOS
681,DIVISAO DE CADASTRAMENTO DE PESQUISA
682,DIVISAO DE CADASTRO E PAGAMENTO
683,DIVISAO DE CAPACITACAO
684,DIVISAO DE CENTRAL DE ESTAGIOS
685,DIVISAO DE COMPRAS
686,DIVISAO DE COMUNIC DE DADOS E VOZ
687,DIVISAO DE COMUNICACAO
688,DIVISAO DE COMUNICACAO E ARQUIVO
689,DIVISAO DE CONCURSOS E PROVIMENTO
690,DIVISAO DE CONFORMIDADE DA GESTAO
691,DIVISAO DE CONSERVACAO E MANUTENCAO/cja
692,DIVISAO DE CONT DE PROV E PENSOES
693,DIVISAO DE CONTABILIDADE
694,DIVISAO DE CONTABILIDADE/UFCA
695,DIVISAO DE CONTRATACOES E CONTRATOS
696,DIVISAO DE CONTROLE ACADEMICO
697,DIVISAO DE CONTROLE DE CARGOS E FUNCOES
698,DIVISAO DE CONTROLE INTERNO
699,DIVISAO DE CONTROLE ORCAMENTARIO
700,DIVISAO DE COORDENACAO DE BIBLIOTECAS
701,DIVISAO DE DESENVOLVIMENTO
702,DIVISAO DE DESENVOLVIMENTO CURRICULAR
703,DIVISAO DE DESENVOLVIMENTO DE PESSOAL
704,DIVISAO DE DESENVOLVIMENTO DE SISTEMAS
705,DIVISAO DE DESENVOLVIMENTO DO ACERVO
706,DIVISAO DE DESPORTO DE RENDIMENTO
707,DIVISAO DE DESPORTO UNIVERSITARIO
708,DIVISAO DE DIALOGOS INTERCULTURAIS
709,DIVISAO DE DIARIAS E PASSAGENS
710,DIVISAO DE DIMENSIONAMENTO
711,DIVISAO DE DIPLOMAS
712,DIVISAO DE DIREITOS E VANTAGENS
713,DIVISAO DE EDICAO
714,DIVISAO DE EDUCACAO CONTINUADA
715,DIVISAO DE EFICIENCIA ENERGETICA
716,DIVISAO DE ELAB DE EDITAIS E AP ADMINIS
717,"DIVISAO DE ENSINO, PESQUISA E EXTENSAO"
718,DIVISAO DE ESPORTES
719,DIVISAO DE ESTAGIOS
720,DIVISAO DE ESTUDOS E PROJETOS
721,DIVISAO DE EXECUCAO FINANCEIRA
722,DIVISAO DE FISCALIZACAO
723,DIVISAO DE FLUXO ACADEMICO
724,DIVISAO DE FLUXO DE INFORMACAO
725,DIVISAO DE FORMACAO ARTISTICA
726,DIVISAO DE FORMACAO E INTERCAMBIO
727,DIVISAO DE FORMACAO PROFISSIONAL
728,DIVISAO DE GESTAO ADMINISTRATIVA
729,DIVISAO DE GESTAO AMBIENTAL
730,DIVISAO DE GESTAO DE BENEFICIOS
731,DIVISAO DE GESTAO DE CONVENIOS
732,DIVISAO DE GESTAO DE MORADIA
733,DIVISAO DE GESTAO ESTRATEGIA
734,DIVISAO DE GESTAO PEDAGOGICA
735,DIVISAO DE IMPRENSA E RADIODIFUSAO
736,DIVISAO DE INFORMACAO DE PESSOAL ATIVO
737,DIVISAO DE INSTALACOES E EQUIPAMENTOS
738,DIVISAO DE INTELIGENCIA DO NEGOCIO
739,DIVISAO DE LEGISLACAO
740,DIVISAO DE LICITACOES
741,DIVISAO DE LINGUAS
742,DIVISAO DE MANUAIS E NORMAS
743,DIVISAO DE MANUTENCAO PREDIAL
744,DIVISAO DE MATERIAIS
745,DIVISAO DE MATERIAL
746,DIVISAO DE MATRICULAS E DIPLOMAS
747,DIVISAO DE MIDIA IMPRESSA
748,DIVISAO DE MIDIAS DIGITAIS
749,DIVISAO DE MORADIA E BENEFICIOS
750,DIVISAO DE MOVIMENTACAO DE EXPEDIENTE
751,DIVISAO DE NUTRICAO E ALIMENTACAO
752,DIVISAO DE OBRAS
753,DIVISAO DE OBRAS/UFCA
754,DIVISAO DE OCEANOGRAFIA ABIOTICA
755,DIVISAO DE OCEANOGRAFIA BIOTICA
756,DIVISAO DE OPERACAO E CONTROLE
757,DIVISAO DE ORCAMENTO
758,DIVISAO DE ORCAMENTO E CONTROLE
759,DIVISAO DE PAGAMENTO DE APOS E PENSOES
760,DIVISAO DE PAGAMENTO DE PESSOAL ATIVO
761,DIVISAO DE PASSAGENS DIARIAS E HOSP
762,DIVISAO DE PATRIMONIO
763,DIVISAO DE PATRIMONIO/UFCA
764,DIVISAO DE PER E ASSIST AO SERV E EST
765,DIVISAO DE PER E ASSIST AO SERVIDOR
766,DIVISAO DE PESCA
767,DIVISAO DE PESQUISA E DES CURRICULAR
768,DIVISAO DE PL E MOVIMENTACAO DE PESSOAL
769,DIVISAO DE PLANEJAMENTO E ENSINO
770,DIVISAO DE PLANEJAMENTO GRAFICO
771,DIVISAO DE PLANEJAMENTO ORCAMENTARIO
772,DIVISAO DE PORTAIS INSTITUCIONAIS
773,DIVISAO DE PORTAIS UNIVERSITARIOS
774,DIVISAO DE PRESERV E REST DO ACERVO
775,DIVISAO DE PROCESSO SELETIVO
776,DIVISAO DE PROCESSOS TECNICOS
777,DIVISAO DE PRODUCAO GRAFICA/IU
778,DIVISAO DE PRODUCAO/IU
779,DIVISAO DE PROGRAMAS ACADEMICOS
780,DIVISAO DE PROGRAMAS E PROJ. CULTURAIS
781,DIVISAO DE PROJETO DE PESQUISA
782,DIVISAO DE PROJETOS
783,DIVISAO DE PROJETOS COMPLEMENTARES
784,DIVISAO DE PROJETOS DE INFRAESTRUTURA
785,DIVISAO DE PROVIMENTO DE APOS E PENSOES
786,DIVISAO DE REDES
787,DIVISAO DE REDES DE COMPUTADORES
788,DIVISAO DE REDES DE TELEFONIA
789,DIVISAO DE REGISTRO DE DIPLOMAS
790,DIVISAO DE REGISTROS FUNCIONAIS
791,DIVISAO DE RESPONSABILIDADE AMBIENTAL
792,DIVISAO DE SANCOES E APOIO TECNICO
793,DIVISAO DE SAUDE
794,DIVISAO DE SAUDE E NUTRICAO
795,DIVISAO DE SEGURANCA DA INFORMACAO
796,DIVISAO DE SEGURANCA DO TRABALHO
797,DIVISAO DE SEGURANCA E SAUDE NO TRABALHO
798,DIVISAO DE SELECAO E MATRICULA
799,DIVISAO DE SERVICOS OPERACIONAIS
800,DIVISAO DE SIST DE REC HUMANOS
801,DIVISAO DE SISTEMA DE INFORMACOES
802,DIVISAO DE SISTEMAS ADMINISTRATIVOS
803,DIVISAO DE SISTEMAS DE ENSINO
804,DIVISAO DE SISTEMAS DE INFORMACAO
805,DIVISAO DE SISTEMAS DE REDE
806,DIVISAO DE SUP AOS COMITES DE ET PESQ
807,DIVISAO DE SUPORTE
808,DIVISAO DE SUPORTE A PROP INTELECTUAL
809,DIVISAO DE SUPORTE E MANUTENCAO
810,DIVISAO DE TECNOLOGIA DA INFORMACAO
811,DIVISAO DE TECNOLOGIA DO PESCADO
812,DIVISAO DE TELEFONIA
813,DIVISAO DE TRANSPARENCIA E GOVERNANCA
814,DIVISAO DE TRANSPORTES
815,DIVISAO DE TRANSPORTES/UFCA
816,DIVISAO DE TREINAMENTO E DESENVOLVIMENTO
817,DIVISAO DE VIGILANCIA E SEGURANCA
818,DIVISAO DE ZELADORIA E SERVICOS URBANOS
819,DIVISAO DO APERF DO ENSINO APRENDIZAGEM
820,DIVISAO ORCAMENTARIA
821,DPU - CEARA
822,Departamento de Jogos EEFD
823,EDITORA
824,EMPRESA BRAS. DE SERVICOS HOSPITALARES
825,ESCOLA INT DE DES E INOV ACADEMICA
826,FAC DE FARMACIA ODONTOLOGIA E ENFERMAGEM
827,FAC ECON ADM ATUARIA E CONTABILIDADE
828,FACULDADE DE DIREITO
829,FACULDADE DE EDUCACAO
830,FACULDADE DE MEDICINA
831,FACULDADE DE MEDICINA/UFCA
832,FAF-DEPTO HISTORIA
833,FARMACIA ESCOLA
834,FAZENDAS EXPERIMENTAIS
835,GABINETE DO MINISTRO
836,GABINETE DO REITOR
837,GABINETE DO REITOR/UFCA
838,GABINETE DO REITOR/UNILAB
839,GABINETE DO VICE-REITOR
840,Gabinete do Reitor
841,HORTO DE PLANTAS MEDICINAIS ABREU MATOS
842,HOSPITAL DAS CLINICAS DE PERNAMBUCO
843,HOSPITAL UNIVERSITARIO WALTER CANTIDIO
844,IMPRENSA UNIVERSITARIA
845,IMPRENSA UNIVERSITÁRIA
846,INSTITUTO DE CIENC EXATAS E DA NATUREZA
847,INSTITUTO DE CIENCIAS DA SAUDE
848,INSTITUTO DE CIENCIAS DO MAR
849,INSTITUTO DE CIENCIAS SOCIAIS APLICADAS
850,INSTITUTO DE CULTURA E ARTE
851,INSTITUTO DE DESENVOLVIMENTO RURAL
852,INSTITUTO DE EDUCACAO FISICA E ESPORTES
853,INSTITUTO DE ENG E DESENV SUSTENTAVEL
854,INSTITUTO DE FORMACAO DE EDUCADORES
855,INSTITUTO DE HUMANIDADES E LETRAS
856,INSTITUTO UNIVERSIDADE VIRTUAL
857,LAB DE ANAL CLINICAS E TOXICOLOGICAS
858,LAB REGIONAL DE OFIOLOGIA DE FORTALEZA
859,LICENCIATURA EM LETRAS - LIBRAS
860,MATERNIDADE ESCOLA ASSIS CHATEAUBRIAND
861,MATERNIDADE ESCOLA JANUARIO CICCO
862,MEMORIAL DA UFC
863,MESTRADO PROFISSIONAL EM BIBLIOTECOMIA
864,MINISTERIO DA SAUDE
865,MUSEU DE ARTE
866,NUC DE EXECUCAO ORCAMENTARIA
867,NUC DE GEST DO INST DE FOR DE EDUCADORES
868,NUCL DE PERIC E ASS AO SERV E ESTUDANTE
869,NUCLEO DE ACESSO AOS ESTUDANTES
870,NUCLEO DE ACOMP SOCIAL AO ESTUDANTE
871,NUCLEO DE ACOMPANH DE PROJETOS/PRPPG
872,NUCLEO DE APOIO A ATIVIDADE DOCENTE
873,NUCLEO DE APOIO A COMPRA
874,NUCLEO DE APOIO A ESTAGIOS
875,NUCLEO DE APOIO ADMINISTRATIVO/PF
876,NUCLEO DE APOIO LEGISLATIVO
877,NUCLEO DE AQUISICAO
878,NUCLEO DE ASSESSORIA CONTABIL
879,NUCLEO DE ATENCAO A SAUDE DO SERVIDOR
880,NUCLEO DE ATEND AOS ORGAOS CONT EXTERNO
881,NUCLEO DE AVAL E INF INSTITUCIONAIS
882,NUCLEO DE AVALIACAO INSTITUCIONAL
883,NUCLEO DE CERIMONIAL DE EVENTOS
884,NUCLEO DE CONTRATOS E CONVENIOS
885,NUCLEO DE CONTROLE INTERNO
886,NUCLEO DE DESENVOLVIMENTO DA CRIANCA
887,NUCLEO DE DIVULGACAO CIENTIFICA
888,NUCLEO DE EDITORACAO
889,NUCLEO DE GESTAO
890,NUCLEO DE GESTAO SUSTENTAVEL
891,NUCLEO DE GESTAO/DI
892,NUCLEO DE GESTAO/PR/EX
893,NUCLEO DE GESTAO/PROPLAN
894,NUCLEO DE GESTAO/PRPI
895,NUCLEO DE IDENTIDADE VISUAL
896,NUCLEO DE INF E DOC DE ASS AO ESTUDANTE
897,NUCLEO DE INFORMACAO DE GESTAO
898,NUCLEO DE INFORMACOES GERENCIAIS
899,NUCLEO DE ORG DE IND DA QUAL INSTITUC
900,NUCLEO DE PASSAGENS E DIARIAS
901,NUCLEO DE PESQ E DESENV DE MEDICAMENTOS
902,NUCLEO DE PL E AV DO ENSINO DE GRADUACAO
903,NUCLEO DE PLANEJAMENTO ORCAMENTARIO
904,NUCLEO DE POS-GRADUACAO
905,NUCLEO DE PRATICA JURIDICA
906,NUCLEO DE PRODUCAO CULTURAL
907,NUCLEO DE PROG E PROJETOS CULTURAIS
908,NUCLEO DE PROG INST DE EXTENSAO
909,NUCLEO DE PROJETOS ACADEMICOS/CEG
910,NUCLEO DE RELACOES INSTITUCIONAIS
911,NUCLEO DE SELECAO E ADAPTACAO FUNCIONAL
912,NUCLEO DE TUTORIA
913,NUCLEO INTERDISC DE ACOMP PSIC AO ESTUD
914,NUCLEO PAGAMENTO E CONTROLE FINANCEIRO
915,NUCLEO PEDAGOGICO E DE LEG EDC
916,NUCLEO REG DE OFIOLOGIA DE FORTALEZA
917,NUCLEO SET DE INFORMAT COL DE APLICACAO
918,OFICINA DE ESPECIALIZADAS
919,OFICINAS DE AUTOS
920,OFICINAS ESPECIALIZADAS
921,OUVIDORIA GERAL
922,OUVIDORIA GERAL/UFCA
923,PEDIATRIA ESPECIALIDADES PEDIATRICAS
924,PREF DOS ORGAOS SUPL RESID UNIVERSIT
925,PREFEITURA DO CAMPUS DE BARBALHA
926,PREFEITURA DO CAMPUS DE SOBRAL
927,PREFEITURA DO CAMPUS DO BENFICA
928,PREFEITURA DO CAMPUS DO PICI
929,PREFEITURA DO CAMPUS DO PORANGABUSSU
930,PREFEITURA ESPECIAL
931,PRO-REITORIA DE ADMINISTRACAO/UFCA
932,PRO-REITORIA DE ADMINISTRACAO/UNILAB
933,PRO-REITORIA DE ADMINISTRAÇÃO
934,PRO-REITORIA DE ASS ESTUDANTIS/UFCA
935,PRO-REITORIA DE ASSUNTOS ESTUDANTIS
936,PRO-REITORIA DE CULTURA
937,PRO-REITORIA DE ENSINO
938,PRO-REITORIA DE EXTENSAO
939,PRO-REITORIA DE EXTENSAO/UFCA
940,PRO-REITORIA DE GESTAO DE PESSOAS
941,PRO-REITORIA DE GESTAO DE PESSOAS/UFCA
942,PRO-REITORIA DE GRADUACAO
943,PRO-REITORIA DE GRADUACAO/UNILAB
944,PRO-REITORIA DE PESQ POS-GRAD E INOVAC
945,"PRO-REITORIA DE PESQ,POS-GRAD E EXTENSAO"
946,PRO-REITORIA DE PESQUISA E INOVACAO
947,PRO-REITORIA DE PESQUISA E POS-GRADUACAO
948,PRO-REITORIA DE PLAN ADMINISTRACAO
949,PRO-REITORIA DE PLANEJAMENTO
950,PRO-REITORIA DE PLANEJAMENTO E ORCAMENTO
951,PRO-REITORIA DE PLANEJAMENTO/UNILAB
952,PRO-REITORIA DE RECURSOS HUMANOS
953,PRO-REITORIA DE REL INTERNACIONAIS
954,PROCURADORIA EDUC INSTITUCIONAL
955,PROCURADORIA GERAL
956,PROCURADORIA GERAL/UFCA
957,PROG DE MEST EM ESTUDOS DA TRADUCAO
958,PROG DE MESTRADO PROFISS EM LETRAS
959,PROG DE PG EM ARQ URB E DESIG
960,PROG DE PG EM ENGENHARIA DE TRANSPORTES
961,PROG DE POS-GR E DES E MEIO AMBIENTE
962,PROG DE POS-GRAD EM ADM E CONTROLADORIA
963,PROG DE POS-GRAD EM AVAL DE POL PUBLICAS
964,PROG DE POS-GRAD EM C. DA INFORMACAO
965,PROG DE POS-GRAD EM CIEN MAR TROPICAIS
966,PROG DE POS-GRAD EM ENG E C DE MATERIAIS
967,PROG DE POS-GRAD EM ENGENHARIA MECANICA
968,PROG DE POS-GRAD EM MO M QUANTITATIVOS
969,PROG DE POS-GRAD EM PSICOLOGIA
970,PROG DE POS-GRAD EM SAUDE DA FAMILIA
971,PROG DE POS-GRADUACAO EM CIENCIA DO SOLO
972,PROG DE POS-GRADUACAO EM ENG AGRICOLA
973,PROG DE POS-GRADUACAO EM ODONTOLOGIA
974,PROG DE POS-GRADUACAO EM SAUDE COLETIVA
975,PROG PG PROF EM FILOSOFIA
976,PROG POS-GR EM CIENCIAS FARMACEUTICAS
977,PROG POS-GR EM DES E INOV TEC EM MEDIC
978,PROG POS-GR EM DES REGIONAL SUSTENTAVEL
979,PROG POS-GRAD REDE NORD BIOT (RENORBIO)
980,PROGRAMA CIENCIA SEM FRONTEIRAS
981,PROGRAMA DE PG EM CIENC MORFOFUNCIONAIS
982,PROGRAMA DE POS-GRAD EM BIOT DE REC NAT
983,PROGRAMA DE POS-GRAD EM CIEN MED
984,PROGRAMA DE POS-GRAD EM ECOL E REC NAT
985,PROGRAMA DE POS-GRAD EM ENG DE PESCA
986,PROGRAMA DE POS-GRAD EM GEOGRAFIA
987,PROGRAMA DE POS-GRAD EM HISTORIA
988,PROGRAMA DE POS-GRAD EM LOG E PES OPER
989,PROGRAMA DE POS-GRAD EM SAUDE DA FAMILIA
990,PROGRAMA DE POS-GRADUACAO EM ARTES
991,PROGRAMA DE POS-GRADUACAO EM QUIMICA
992,PROGRAMA POS-GRADUACAO EM BIOTECNOLOGIA
993,PROJETO ESCRITORIO TECNICO CEARÁ
994,PROJETO ESCRITÓRIO TÉCNICO CEARÁ
995,Polo Universitario de Macae
996,REITORIA
997,SDH/PR (UPAG SOB A RESPONS. DA CGRH/MJ)
998,SEARA DA CIENCIA
999,SEC DA PRO-REITORIA DE PLANEJ/UNILAB
1000,SEC DA PRO-REITORIA DE REL INSTITUC
1001,SEC DE ACOMP DE PROC DISCIPLINARES
1002,SEC DE BOLSAS DE INIC C E TECNOLOGICA
1003,SEC DE CONTROLE E ORIENTACAO LEGAL
1004,SEC DE EXECUCAO ORCAMENTARIA E CONTROLE
1005,SEC DE MANUTENCAO E SEG DO TRABALHO
1006,SEC DE PES TECNICO-ADMINISTRATIVO
1007,SEC DOS ORGAOS DELIB SUPERIORES
1008,SEC DOS ORGAOS DELIBERATIVOS SUPERIORES
1009,"SEC PRO-REITORIA DE PESQ,POS-GRAD E EXT"
1010,SECAO ACADEMICA
1011,SECAO ADMINISTRATIVA
1012,SECAO CONCESS APOSENTADORIAS E PENSOES
1013,SECAO DE ACABAMENTO
1014,SECAO DE ACOMP DE DESEMPENHO E CARREIRA
1015,SECAO DE ACOMP DE PROJETOS/PGR
1016,SECAO DE ACOMPANHAMENTO DE PROJETOS
1017,SECAO DE ACOMPANHAMENTO E AVALIACAO
1018,SECAO DE ACOMPANHAMENTO E PROJETOS
1019,SECAO DE ADMINISTRACAO DE BANCO DE DADOS
1020,SECAO DE ANALISE DE BOLSAS E DIARIAS
1021,SECAO DE ANALISE E CONTROLE DE PROCESSOS
1022,SECAO DE ANALISE E ESCRITURACAO CONTABIL
1023,SECAO DE APOIO
1024,SECAO DE APOIO ADMINISTRATIVO
1025,SECAO DE APOIO AO USUARIO
1026,SECAO DE ARQUIVO E MICROFILMAGEM
1027,SECAO DE ASSISTENCIA AO LEITOR/BCH
1028,SECAO DE ASSISTENCIA AO LEITOR/BCS
1029,SECAO DE ASSISTENCIA AO LEITOR/BCT
1030,SECAO DE ATEND E PROTOC DE BARBALHA
1031,SECAO DE CADASTRO PATRIMONIAL
1032,SECAO DE CARGOS E EMPREGOS
1033,SECAO DE CATALOGACAO
1034,SECAO DE COMPOSICAO
1035,SECAO DE COMPRAS E CADASTRO
1036,SECAO DE COMUNICACAO E PROTOCOLO
1037,SECAO DE CONCESSAO DE USO DE IMOVEIS
1038,SECAO DE CONT DE CARGOS E EMPREGOS
1039,SECAO DE CONTROLE DE BENS
1040,SECAO DE CONTROLE DE PAGAMENTOS
1041,SECAO DE DIMENSIONAMENTO DE PESSOAL
1042,SECAO DE DIPLOMAS
1043,SECAO DE DIREITOS E DEVERES
1044,SECAO DE EMISSAO DE CERTIFICADOS
1045,SECAO DE EMISSAO DE DIPLOMAS
1046,SECAO DE ESCRITURACAO CONTABIL
1047,SECAO DE EXECUCAO ORCAMENTARIA
1048,SECAO DE EXPEDICAO
1049,SECAO DE FISCALIZACAO DE CONTRATOS
1050,SECAO DE FOTOMECANICA
1051,SECAO DE GERENC DA FOLHA DE PAGAMENTO
1052,SECAO DE GERENCIAMENTO DE FROTA
1053,SECAO DE GESTAO DE CONTRATOS E ATAS
1054,SECAO DE GESTAO DE CONVENIOS
1055,SECAO DE GOVERNANCA
1056,SECAO DE HIGIENE E LIMPEZA
1057,SECAO DE IMPORTACAO
1058,SECAO DE IMPRESSAO
1059,SECAO DE INTERCAMBIO E DISTRIBUICAO
1060,SECAO DE MANUTENCAO E RECUPERACAO
1061,SECAO DE PAGAMENTO E CONT FINANCEIRO
1062,SECAO DE PAGAMENTO E CONTROLE FINANCEIRO
1063,SECAO DE PASSAGENS
1064,SECAO DE PERICIA E VIGILANCIA EM SAUDE
1065,SECAO DE PESSOAL DOCENTE
1066,SECAO DE PLANEJ BIBLIOTECARIO
1067,SECAO DE PLANEJAMENTO E DIVULGACAO
1068,SECAO DE PORTAIS E APLICACOES
1069,SECAO DE PRES E RES DO ACERVO/BCH
1070,SECAO DE PRES E REST DO ACERVO
1071,SECAO DE PRESERVACAO DO ACERVO/BCS
1072,SECAO DE PRESERVACAO DO ACERVO/BCT
1073,SECAO DE PRESERVACAO DO ACERVO/FACDIR
1074,SECAO DE PRESERVACAO E REST DO ACERVO
1075,SECAO DE PRESTACAO E ANALISE DE CONTAS
1076,SECAO DE PREVISAO E CONTROLE
1077,SECAO DE PROC SELETIVO SIMPLIFICADO
1078,SECAO DE PRODUCAO DE MATERIAL DIDATICO
1079,SECAO DE PROJETO GRAFICO E ARTE-FINAL
1080,SECAO DE PROMOCAO DE SAUDE
1081,SECAO DE PROMOCAO E ACOMP DE CAPACITACAO
1082,SECAO DE PROTOCOLO/PRGR
1083,SECAO DE PROVIMENTO E AFASTAMENTOS
1084,SECAO DE RECRUTAMENTO E SELECAO
1085,SECAO DE REFEITORIO DO PICI
1086,SECAO DE REG DE DIPL DE OUTRAS INSTIT
1087,SECAO DE REGISTRO DE PESSOAL DOCENTE
1088,SECAO DE REGISTROS DE PESSOAL TEC ADM
1089,SECAO DE REGISTROS ESTATISTICOS/PGR
1090,SECAO DE REGISTROS ESTATISTICOS/PREF
1091,SECAO DE REVISAO
1092,SECAO DE SELECAO E INDEXACAO/BCH
1093,SECAO DE SELECAO E INDEXACAO/BCS
1094,SECAO DE SELECAO E INDEXACAO/BCT
1095,SECAO DE SERVICOS OPERACIONAIS
1096,SECAO DE SUPRIMENTO/RU
1097,SECAO DE SUPRIMENTOS/IU
1098,SECAO DO REFEITORIO DO BENFICA
1099,SECAO DOS PROGRAMAS DE BOLSAS
1100,SECRETARIA ADMINISTRATIVA
1101,SECRETARIA ADMINISTRATIVA/CC
1102,SECRETARIA ADMINISTRATIVA/CCA
1103,SECRETARIA ADMINISTRATIVA/CH
1104,SECRETARIA ADMINISTRATIVA/CJA
1105,SECRETARIA ADMINISTRATIVA/COOR.ASS.INTER
1106,SECRETARIA ADMINISTRATIVA/CT
1107,SECRETARIA ADMINISTRATIVA/FACDIR
1108,SECRETARIA ADMINISTRATIVA/FACED
1109,SECRETARIA ADMINISTRATIVA/FEAAC
1110,SECRETARIA ADMINISTRATIVA/FFOE
1111,SECRETARIA ADMINISTRATIVA/GABVICE-REITOR
1112,SECRETARIA ADMINISTRATIVA/IEFES
1113,SECRETARIA ADMINISTRATIVA/LABOMAR
1114,SECRETARIA ADMINISTRATIVA/MAUC
1115,SECRETARIA ADMINISTRATIVA/PR/EXTENSAO
1116,SECRETARIA ADMINISTRATIVA/PROGEP
1117,SECRETARIA ADMINISTRATIVA/PRPPG
1118,SECRETARIA ADMINISTRATIVA/SEARA
1119,SECRETARIA ADMINISTRATIVA/ffoe
1120,SECRETARIA DA ACESSIBILIDADE/UFCA
1121,SECRETARIA DA PRO-REITORIA ADMINISTRACAO
1122,SECRETARIA DA PROCURADORIA/UNILAB
1123,SECRETARIA DA REITORIA/UNILAB
1124,SECRETARIA DAS COORDENACOES DE AREA
1125,SECRETARIA DE ACESSIBILIDADE-UFC INCLUI
1126,SECRETARIA DE AP AO EST ESTRANGEIRO
1127,SECRETARIA DE CERIMONIAL E EVENTOS
1128,SECRETARIA DE COOPERACAO INTERNACIONAL
1129,SECRETARIA DE CULTURA ARTISTICA
1130,SECRETARIA DE DOC E PROTOCOLO
1131,SECRETARIA DE GOVERNANCA
1132,SECRETARIA DE TECNOLOGIA DA INFORMACAO
1133,SECRETARIA DO CAMPUS DA UFC EM QUIXADA
1134,SECRETARIA DO CONSELHO SUPERIOR-UNILAB
1135,SECRETARIA DOS INSTITUTOS
1136,SECRETARIA EDUCACAO SUPERIOR
1137,SECRETARIA EXEC DA COMISSAO DE ETICA
1138,SECRETARIA EXECUTIVA
1139,SECRETARIA GERAL/HUWC
1140,SERVICO DE ANESTESIOLOGIA
1141,SERVICO DIV2 COORD1 CGGA SAA
1142,SETOR DE AQUISICAO
1143,SETOR DE ATENDIMENTO DE PESSOAL
1144,SETOR DE PROCESSAMENTO TECNICO
1145,SISTEMA DE BIBLIOTECAS
1146,SUB-COORD DE ACOMPANHAMENTO PEDAGOGICO
1147,SUBCOORD DE APOIO AO EST ESTRANGEIRO
1148,SUBCOORD DE INTERCAMBIO INTERNACIONAL
1149,SUBCOORDENADORIA DE MOBILIDADE INTERNAC
1150,SUP. DO IPHAN NO ESTADO DO CEARA
1151,SUPERINT FEDERAL DA PESCA E AQUIC NO CE
1152,SUPERINTENDENCIA DE INFRAESTRUTURA
1153,SUPERINTENDENCIA DE RECURSOS HUMANOS
1154,SUPERINTENDENCIA DOS HOSP UNIVERSITARIOS
1155,SUPERVISAO DO BENFICA
1156,SUPERVISAO DO PICI
1157,SUPERVISAO DO PORANGABUSSU
1158,TEATRO UNIVERS PASCOAL CARLOS MAGNO
1159,TEATRO UNIVERSITARIO
1160,UN. INT.INTERN. LUSOFONIA AFROBRASILEIRA
1161,UNID UNIV EDUCACAO INFANTIL NDC
1162,UNIDADE DE AUDITORIA INTERNA
1163,UNIDADE DE CONTAB E FINANCAS/HUWC
1164,UNIDADE DE ENFERMAGEM CL CIRURGICA/HUWC
1165,UNIDADE DE ENFERMAGEM CL MEDICA/HUWC
1166,UNIDADE DE LOTACAO PROVISORIA
1167,UNIDADE DE MATERIAL/HUWC
1168,UNIDADE DE PACIENTES EXTERNOS/HUWC
1169,UNIDADE DE PAGAMENTO DE PESSOAL
1170,UNIDADE DE PESSOAL/HUWC
1171,UNIDADE DE PESSOAL/MEAC
1172,UNIDADE DE SERV AUX DIAG TRAT/HUWC
1173,UNIDADE DE SERV TEC AUXILIARES/HUWC
1174,UNIDADE DE SERVICOS GERAIS/HUWC
1175,UNIDADE ENF PAC EXT E PROC ESPECIAL/HUWC
1176,UNIDADE ESPECIAL ADMINISTRATIVA/MEAC
1177,UNIVERSIDADE FEDERAL DO CARIRI
1178,UNIVERSIDADE FEDERAL DO CEARA
1179,VICE-REITORIA/UFCA
1180,VICE-REITORIA/UNILAB
1181,secretaria regul superv educ superior
1182,servico da divisao da cgcop
